timestamp,player_ammo,player_health,player_armor,game_round,map,detected_entities,suicide_event,kill_event,score_event,killed_event,itemPicked_event,itemLost_event,newGameRound_event,player_inventory
2025-03-16 17:14:18,0,0,0,2.0,kaos2,[],,,,,[],,"New game round started. Changed game round to 2.0 and map to kaos2. Player inventory, kills, and deaths are reset.","{'weapon': {'weapon_machinegun': 1}, 'armor': 0, 'health': 0}"
2025-03-16 17:15:08,0,0,0,3.0,kaos2,[],,,,,Player_172.19.113.65 picked up Ammo type: ammo_slugs,,"New game round started. Changed game round to 3.0 and map to kaos2. Player inventory, kills, and deaths are reset.","{'weapon': {'weapon_machinegun': 1}, 'armor': {}, 'health': {}}"
2025-03-16 17:15:13,99,125,0,3.0,kaos2,[],,,,,[],,,"{'weapon': {'weapon_machinegun': 1}, 'armor': {}, 'health': {}}"
2025-03-16 17:15:14,99,124,0,4.0,aggressor,[],,,,,[],,"New game round started. Changed game round to 4.0 and map to aggressor. Player inventory, kills, and deaths are reset.","{'weapon': {'weapon_machinegun': 1}, 'armor': 0, 'health': 0}"
2025-03-16 17:15:15,99,123,0,4.0,aggressor,[],,,,,[],,,"{'weapon': {'weapon_machinegun': 1}, 'armor': 0, 'health': 0}"
2025-03-16 17:15:16,99,122,0,4.0,aggressor,[],,,,,[],,,"{'weapon': {'weapon_machinegun': 1}, 'armor': 0, 'health': 0}"
2025-03-16 17:15:17,0,0,0,4.0,aggressor,[],,,,,[],,,"{'weapon': {'weapon_machinegun': 1}, 'armor': 0, 'health': 0}"
2025-03-16 17:15:18,100,125,0,4.0,aggressor,['armour'],,,,,[],,,"{'weapon': {'weapon_machinegun': 1}, 'armor': 0, 'health': 0}"
2025-03-16 17:15:19,100,124,0,4.0,aggressor,['armour'],,,,,[],,,"{'weapon': {'weapon_machinegun': 1}, 'armor': 0, 'health': 0}"
2025-03-16 17:15:20,100,123,0,4.0,aggressor,['armour'],,,,,[],,,"{'weapon': {'weapon_machinegun': 1}, 'armor': 0, 'health': 0}"
2025-03-16 17:15:21,100,122,0,4.0,aggressor,['armour'],,,,,[],,,"{'weapon': {'weapon_machinegun': 1}, 'armor': 0, 'health': 0}"
2025-03-16 17:15:22,100,122,0,4.0,aggressor,['armour'],,,,,Player_172.19.113.65 picked up Armor type: item_armor_combat,,,"{'weapon': {'weapon_machinegun': 1}, 'armor': {'item_armor_combat': 1}, 'health': {}}"
2025-03-16 17:15:23,100,125,0,4.0,aggressor,['enemy'],,,,,[],,,"{'weapon': {'weapon_machinegun': 1}, 'armor': {'item_armor_combat': 1}, 'health': {}}"
2025-03-16 17:15:24,100,125,0,4.0,aggressor,"['enemy', 'armour']",,,,,[],,,"{'weapon': {'weapon_machinegun': 1}, 'armor': {'item_armor_combat': 1}, 'health': {}}"
2025-03-16 17:15:25,96,124,0,4.0,aggressor,"['enemy', 'health']",,,,,[],,,"{'weapon': {'weapon_machinegun': 1}, 'armor': {'item_armor_combat': 1}, 'health': {}}"
2025-03-16 17:15:26,81,123,0,4.0,aggressor,"['enemy', 'health', 'weapon']",,,,,Player_172.19.113.65 picked up Weapon type: weapon_rocketlauncher,,,"{'weapon': {'weapon_machinegun': 1, 'weapon_rocketlauncher': 1}, 'armor': {'item_armor_combat': 1}, 'health': {}}"
2025-03-16 17:15:27,81,122,0,4.0,aggressor,"['enemy', 'armour']",,,,,[],,,"{'weapon': {'weapon_machinegun': 1, 'weapon_rocketlauncher': 1}, 'armor': {'item_armor_combat': 1}, 'health': {}}"
2025-03-16 17:15:28,76,121,0,4.0,aggressor,"['health', 'enemy']",,,,,[],,,"{'weapon': {'weapon_machinegun': 1, 'weapon_rocketlauncher': 1}, 'armor': {'item_armor_combat': 1}, 'health': {}}"
2025-03-16 17:15:29,73,120,0,4.0,aggressor,['health'],,,,,[],,,"{'weapon': {'weapon_machinegun': 1, 'weapon_rocketlauncher': 1}, 'armor': {'item_armor_combat': 1}, 'health': {}}"
2025-03-16 17:15:30,73,119,0,4.0,aggressor,['enemy'],,,,,[],,,"{'weapon': {'weapon_machinegun': 1, 'weapon_rocketlauncher': 1}, 'armor': {'item_armor_combat': 1}, 'health': {}}"
2025-03-16 17:15:31,73,118,50,4.0,aggressor,[],,,,,[],,,"{'weapon': {'weapon_machinegun': 1, 'weapon_rocketlauncher': 1}, 'armor': {'item_armor_combat': 1}, 'health': {}}"
2025-03-16 17:15:32,73,117,50,4.0,aggressor,[],,,,,[],,,"{'weapon': {'weapon_machinegun': 1, 'weapon_rocketlauncher': 1}, 'armor': {'item_armor_combat': 1}, 'health': {}}"
2025-03-16 17:15:33,73,116,50,4.0,aggressor,"['enemy', 'weapon']",,,,,[],,,"{'weapon': {'weapon_machinegun': 1, 'weapon_rocketlauncher': 1}, 'armor': {'item_armor_combat': 1}, 'health': {}}"
2025-03-16 17:15:34,73,115,50,4.0,aggressor,"['weapon', 'enemy', 'health']",,,,,[],,,"{'weapon': {'weapon_machinegun': 1, 'weapon_rocketlauncher': 1}, 'armor': {'item_armor_combat': 1}, 'health': {}}"
2025-03-16 17:15:35,71,114,50,4.0,aggressor,['weapon'],,,,,[],,,"{'weapon': {'weapon_machinegun': 1, 'weapon_rocketlauncher': 1}, 'armor': {'item_armor_combat': 1}, 'health': {}}"
2025-03-16 17:15:36,71,113,50,4.0,aggressor,['weapon'],,,,,[],,,"{'weapon': {'weapon_machinegun': 1, 'weapon_rocketlauncher': 1}, 'armor': {'item_armor_combat': 1}, 'health': {}}"
2025-03-16 17:15:37,10,112,50,4.0,aggressor,"['health', 'weapon']",,,,,Player_172.19.113.65 picked up Weapon type: weapon_lightning,,,"{'weapon': {'weapon_machinegun': 1, 'weapon_rocketlauncher': 1, 'weapon_lightning': 1}, 'armor': {'item_armor_combat': 1}, 'health': {}}"
2025-03-16 17:15:38,10,111,50,4.0,aggressor,['weapon'],,,,,[],,,"{'weapon': {'weapon_machinegun': 1, 'weapon_rocketlauncher': 1, 'weapon_lightning': 1}, 'armor': {'item_armor_combat': 1}, 'health': {}}"
2025-03-16 17:15:39,10,110,50,4.0,aggressor,"['weapon', 'enemy']",,,,,[],,,"{'weapon': {'weapon_machinegun': 1, 'weapon_rocketlauncher': 1, 'weapon_lightning': 1}, 'armor': {'item_armor_combat': 1}, 'health': {}}"
2025-03-16 17:15:40,9,109,50,4.0,aggressor,['enemy'],,,,,[],,,"{'weapon': {'weapon_machinegun': 1, 'weapon_rocketlauncher': 1, 'weapon_lightning': 1}, 'armor': {'item_armor_combat': 1}, 'health': {}}"
2025-03-16 17:15:41,8,108,50,4.0,aggressor,['enemy'],,,,,[],,,"{'weapon': {'weapon_machinegun': 1, 'weapon_rocketlauncher': 1, 'weapon_lightning': 1}, 'armor': {'item_armor_combat': 1}, 'health': {}}"
2025-03-16 17:15:42,8,107,50,4.0,aggressor,['enemy'],,,,,Player_172.19.113.65 picked up Weapon type: weapon_shotgun,,,"{'weapon': {'weapon_machinegun': 1, 'weapon_rocketlauncher': 1, 'weapon_lightning': 1, 'weapon_shotgun': 1}, 'armor': {'item_armor_combat': 1}, 'health': {}}"
2025-03-16 17:15:43,8,106,50,4.0,aggressor,"['enemy', 'health']",,,,,[],,,"{'weapon': {'weapon_machinegun': 1, 'weapon_rocketlauncher': 1, 'weapon_lightning': 1, 'weapon_shotgun': 1}, 'armor': {'item_armor_combat': 1}, 'health': {}}"
2025-03-16 17:15:44,6,105,50,4.0,aggressor,['enemy'],,,,,[],,,"{'weapon': {'weapon_machinegun': 1, 'weapon_rocketlauncher': 1, 'weapon_lightning': 1, 'weapon_shotgun': 1}, 'armor': {'item_armor_combat': 1}, 'health': {}}"
2025-03-16 17:15:45,6,104,50,4.0,aggressor,"['weapon', 'enemy']",,,,,[],,,"{'weapon': {'weapon_machinegun': 1, 'weapon_rocketlauncher': 1, 'weapon_lightning': 1, 'weapon_shotgun': 1}, 'armor': {'item_armor_combat': 1}, 'health': {}}"
2025-03-16 17:15:46,6,100,43,4.0,aggressor,['weapon'],,"Player_172.19.113.65 killed enemy Angelyss by MOD_ROCKET, player currently has 1 kills and 0 deaths",,,[],,,"{'weapon': {'weapon_machinegun': 1, 'weapon_rocketlauncher': 1, 'weapon_lightning': 1, 'weapon_shotgun': 1}, 'armor': {'item_armor_combat': 1}, 'health': {}}"
2025-03-16 17:15:47,6,100,43,4.0,aggressor,"['weapon', 'health']",,,Player_172.19.113.65 score updated to 1,,Player_172.19.113.65 picked up Weapon type: weapon_plasmagun,,,"{'weapon': {'weapon_machinegun': 1, 'weapon_rocketlauncher': 1, 'weapon_lightning': 1, 'weapon_shotgun': 1, 'weapon_plasmagun': 1}, 'armor': {'item_armor_combat': 1}, 'health': {}}"
2025-03-16 17:15:48,6,100,43,4.0,aggressor,"['health', 'weapon']",,,,,[],,,"{'weapon': {'weapon_machinegun': 1, 'weapon_rocketlauncher': 1, 'weapon_lightning': 1, 'weapon_shotgun': 1, 'weapon_plasmagun': 1}, 'armor': {'item_armor_combat': 1}, 'health': {}}"
2025-03-16 17:15:49,6,100,43,4.0,aggressor,['weapon'],,,,,[],,,"{'weapon': {'weapon_machinegun': 1, 'weapon_rocketlauncher': 1, 'weapon_lightning': 1, 'weapon_shotgun': 1, 'weapon_plasmagun': 1}, 'armor': {'item_armor_combat': 1}, 'health': {}}"
2025-03-16 17:15:50,100,100,43,4.0,aggressor,"['weapon', 'health']",,"Player_172.19.113.65 killed enemy Major by MOD_LIGHTNING, player currently has 2 kills and 0 deaths",,,[],,,"{'weapon': {'weapon_machinegun': 1, 'weapon_rocketlauncher': 1, 'weapon_lightning': 1, 'weapon_shotgun': 1, 'weapon_plasmagun': 1}, 'armor': {'item_armor_combat': 1}, 'health': {}}"
2025-03-16 17:15:51,6,100,43,4.0,aggressor,['weapon'],,,,,[],,,"{'weapon': {'weapon_machinegun': 1, 'weapon_rocketlauncher': 1, 'weapon_lightning': 1, 'weapon_shotgun': 1, 'weapon_plasmagun': 1}, 'armor': {'item_armor_combat': 1}, 'health': {}}"
2025-03-16 17:15:52,10,100,43,4.0,aggressor,[],,,Player_172.19.113.65 score updated to 2,,Player_172.19.113.65 picked up Armor type: item_armor_shard,,,"{'weapon': {'weapon_machinegun': 1, 'weapon_rocketlauncher': 1, 'weapon_lightning': 1, 'weapon_shotgun': 1, 'weapon_plasmagun': 1}, 'armor': {'item_armor_combat': 1, 'item_armor_shard': 1}, 'health': {}}"
2025-03-16 17:15:53,6,100,43,4.0,aggressor,[],,,,,Player_172.19.113.65 picked up Armor type: item_armor_shard,,,"{'weapon': {'weapon_machinegun': 1, 'weapon_rocketlauncher': 1, 'weapon_lightning': 1, 'weapon_shotgun': 1, 'weapon_plasmagun': 1}, 'armor': {'item_armor_combat': 1, 'item_armor_shard': 2}, 'health': {}}"
2025-03-16 17:15:54,6,100,43,4.0,aggressor,"['weapon', 'enemy']",,,,,[],,,"{'weapon': {'weapon_machinegun': 1, 'weapon_rocketlauncher': 1, 'weapon_lightning': 1, 'weapon_shotgun': 1, 'weapon_plasmagun': 1}, 'armor': {'item_armor_combat': 1, 'item_armor_shard': 2}, 'health': {}}"
2025-03-16 17:15:55,5,100,43,4.0,aggressor,"['enemy', 'weapon']",,,,,Player_172.19.113.65 picked up Armor type: item_armor_shard,,,"{'weapon': {'weapon_machinegun': 1, 'weapon_rocketlauncher': 1, 'weapon_lightning': 1, 'weapon_shotgun': 1, 'weapon_plasmagun': 1}, 'armor': {'item_armor_combat': 1, 'item_armor_shard': 4}, 'health': {}}"
2025-03-16 17:15:56,5,96,33,4.0,aggressor,['weapon'],,"Player_172.19.113.65 killed enemy Angelyss by MOD_LIGHTNING, player currently has 3 kills and 0 deaths",,,[],,,"{'weapon': {'weapon_machinegun': 1, 'weapon_rocketlauncher': 1, 'weapon_lightning': 1, 'weapon_shotgun': 1, 'weapon_plasmagun': 1}, 'armor': {'item_armor_combat': 1, 'item_armor_shard': 4}, 'health': {}}"
2025-03-16 17:15:57,5,96,33,4.0,aggressor,"['weapon', 'health', 'enemy']",,,Player_172.19.113.65 score updated to 3,,[],,,"{'weapon': {'weapon_machinegun': 1, 'weapon_rocketlauncher': 1, 'weapon_lightning': 1, 'weapon_shotgun': 1, 'weapon_plasmagun': 1}, 'armor': {'item_armor_combat': 1, 'item_armor_shard': 4}, 'health': {}}"
2025-03-16 17:15:58,48,96,33,4.0,aggressor,"['weapon', 'health', 'enemy', 'armour']",,,,,[],,,"{'weapon': {'weapon_machinegun': 1, 'weapon_rocketlauncher': 1, 'weapon_lightning': 1, 'weapon_shotgun': 1, 'weapon_plasmagun': 1}, 'armor': {'item_armor_combat': 1, 'item_armor_shard': 4}, 'health': {}}"
2025-03-16 17:15:59,38,96,33,4.0,aggressor,"['enemy', 'armour']",,"Player_172.19.113.65 killed enemy Arachna by MOD_ROCKET, player currently has 4 kills and 0 deaths",Player_172.19.113.65 score updated to 4,,[],,,"{'weapon': {'weapon_machinegun': 1, 'weapon_rocketlauncher': 1, 'weapon_lightning': 1, 'weapon_shotgun': 1, 'weapon_plasmagun': 1}, 'armor': {'item_armor_combat': 1, 'item_armor_shard': 4}, 'health': {}}"
2025-03-16 17:16:00,100,96,33,4.0,aggressor,"['enemy', 'health', 'armour']",,,,,[],,,"{'weapon': {'weapon_machinegun': 1, 'weapon_rocketlauncher': 1, 'weapon_lightning': 1, 'weapon_shotgun': 1, 'weapon_plasmagun': 1}, 'armor': {'item_armor_combat': 1, 'item_armor_shard': 4}, 'health': {}}"
2025-03-16 17:16:01,77,96,33,4.0,aggressor,"['enemy', 'armour', 'weapon']",,,,,[],,,"{'weapon': {'weapon_machinegun': 1, 'weapon_rocketlauncher': 1, 'weapon_lightning': 1, 'weapon_shotgun': 1, 'weapon_plasmagun': 1}, 'armor': {'item_armor_combat': 1, 'item_armor_shard': 4}, 'health': {}}"
2025-03-16 17:16:02,77,96,43,4.0,aggressor,"['armour', 'enemy', 'weapon']",,,,,[],,,"{'weapon': {'weapon_machinegun': 1, 'weapon_rocketlauncher': 1, 'weapon_lightning': 1, 'weapon_shotgun': 1, 'weapon_plasmagun': 1}, 'armor': {'item_armor_combat': 1, 'item_armor_shard': 4}, 'health': {}}"
2025-03-16 17:16:03,61,96,43,4.0,aggressor,"['enemy', 'weapon', 'armour', 'ammo']",,,,,[],,,"{'weapon': {'weapon_machinegun': 1, 'weapon_rocketlauncher': 1, 'weapon_lightning': 1, 'weapon_shotgun': 1, 'weapon_plasmagun': 1}, 'armor': {'item_armor_combat': 1, 'item_armor_shard': 4}, 'health': {}}"
2025-03-16 17:16:04,25,96,53,4.0,aggressor,"['ammo', 'enemy']",,,,,Player_172.19.113.65 picked up Health type: item_health,,,"{'weapon': {'weapon_machinegun': 1, 'weapon_rocketlauncher': 1, 'weapon_lightning': 1, 'weapon_shotgun': 1, 'weapon_plasmagun': 1}, 'armor': {'item_armor_combat': 1, 'item_armor_shard': 4}, 'health': {'item_health': 1}}"
2025-03-16 17:16:05,6,79,20,4.0,aggressor,"['enemy', 'ammo']",,,,,[],,,"{'weapon': {'weapon_machinegun': 1, 'weapon_rocketlauncher': 1, 'weapon_lightning': 1, 'weapon_shotgun': 1, 'weapon_plasmagun': 1}, 'armor': {'item_armor_combat': 1, 'item_armor_shard': 4}, 'health': {'item_health': 1}}"
2025-03-16 17:16:06,0,79,20,4.0,aggressor,"['enemy', 'ammo', 'weapon']",,,,,[],,,"{'weapon': {'weapon_machinegun': 1, 'weapon_rocketlauncher': 1, 'weapon_lightning': 1, 'weapon_shotgun': 1, 'weapon_plasmagun': 1}, 'armor': {'item_armor_combat': 1, 'item_armor_shard': 4}, 'health': {'item_health': 1}}"
2025-03-16 17:16:07,5,79,20,4.0,aggressor,"['ammo', 'enemy', 'armour']",,,,,[],,,"{'weapon': {'weapon_machinegun': 1, 'weapon_rocketlauncher': 1, 'weapon_lightning': 1, 'weapon_shotgun': 1, 'weapon_plasmagun': 1}, 'armor': {'item_armor_combat': 1, 'item_armor_shard': 4}, 'health': {'item_health': 1}}"
2025-03-16 17:16:08,3,79,20,4.0,aggressor,"['enemy', 'ammo']",,,,,[],,,"{'weapon': {'weapon_machinegun': 1, 'weapon_rocketlauncher': 1, 'weapon_lightning': 1, 'weapon_shotgun': 1, 'weapon_plasmagun': 1}, 'armor': {'item_armor_combat': 1, 'item_armor_shard': 4}, 'health': {'item_health': 1}}"
2025-03-16 17:16:09,3,79,20,4.0,aggressor,"['ammo', 'enemy']",,,,,[],,,"{'weapon': {'weapon_machinegun': 1, 'weapon_rocketlauncher': 1, 'weapon_lightning': 1, 'weapon_shotgun': 1, 'weapon_plasmagun': 1}, 'armor': {'item_armor_combat': 1, 'item_armor_shard': 4}, 'health': {'item_health': 1}}"
2025-03-16 17:16:10,2,79,20,4.0,aggressor,['enemy'],,,,,[],,,"{'weapon': {'weapon_machinegun': 1, 'weapon_rocketlauncher': 1, 'weapon_lightning': 1, 'weapon_shotgun': 1, 'weapon_plasmagun': 1}, 'armor': {'item_armor_combat': 1, 'item_armor_shard': 4}, 'health': {'item_health': 1}}"
2025-03-16 17:16:11,0,79,20,4.0,aggressor,"['enemy', 'health']",,,,,[],,,"{'weapon': {'weapon_machinegun': 1, 'weapon_rocketlauncher': 1, 'weapon_lightning': 1, 'weapon_shotgun': 1, 'weapon_plasmagun': 1}, 'armor': {'item_armor_combat': 1, 'item_armor_shard': 4}, 'health': {'item_health': 1}}"
2025-03-16 17:16:12,0,79,20,4.0,aggressor,['health'],,,,,[],,,"{'weapon': {'weapon_machinegun': 1, 'weapon_rocketlauncher': 1, 'weapon_lightning': 1, 'weapon_shotgun': 1, 'weapon_plasmagun': 1}, 'armor': {'item_armor_combat': 1, 'item_armor_shard': 4}, 'health': {'item_health': 1}}"
2025-03-16 17:16:13,0,79,20,4.0,aggressor,"['enemy', 'health']",,,,,[],,,"{'weapon': {'weapon_machinegun': 1, 'weapon_rocketlauncher': 1, 'weapon_lightning': 1, 'weapon_shotgun': 1, 'weapon_plasmagun': 1}, 'armor': {'item_armor_combat': 1, 'item_armor_shard': 4}, 'health': {'item_health': 1}}"
2025-03-16 17:16:14,0,100,20,4.0,aggressor,['enemy'],,,,,[],,,"{'weapon': {'weapon_machinegun': 1, 'weapon_rocketlauncher': 1, 'weapon_lightning': 1, 'weapon_shotgun': 1, 'weapon_plasmagun': 1}, 'armor': {'item_armor_combat': 1, 'item_armor_shard': 4}, 'health': {'item_health': 1}}"
2025-03-16 17:16:15,90,100,20,4.0,aggressor,['enemy'],,,,,[],,,"{'weapon': {'weapon_machinegun': 1, 'weapon_rocketlauncher': 1, 'weapon_lightning': 1, 'weapon_shotgun': 1, 'weapon_plasmagun': 1}, 'armor': {'item_armor_combat': 1, 'item_armor_shard': 4}, 'health': {'item_health': 1}}"
2025-03-16 17:16:16,18,100,20,4.0,aggressor,['enemy'],,,,,[],,,"{'weapon': {'weapon_machinegun': 1, 'weapon_rocketlauncher': 1, 'weapon_lightning': 1, 'weapon_shotgun': 1, 'weapon_plasmagun': 1}, 'armor': {'item_armor_combat': 1, 'item_armor_shard': 4}, 'health': {'item_health': 1}}"
2025-03-16 17:16:17,12,100,19,4.0,aggressor,"['enemy', 'health']",,,,,[],,,"{'weapon': {'weapon_machinegun': 1, 'weapon_rocketlauncher': 1, 'weapon_lightning': 1, 'weapon_shotgun': 1, 'weapon_plasmagun': 1}, 'armor': {'item_armor_combat': 1, 'item_armor_shard': 4}, 'health': {'item_health': 1}}"
2025-03-16 17:16:18,5,100,19,4.0,aggressor,['enemy'],,,,,[],,,"{'weapon': {'weapon_machinegun': 1, 'weapon_rocketlauncher': 1, 'weapon_lightning': 1, 'weapon_shotgun': 1, 'weapon_plasmagun': 1}, 'armor': {'item_armor_combat': 1, 'item_armor_shard': 4}, 'health': {'item_health': 1}}"
2025-03-16 17:16:19,10,100,19,4.0,aggressor,"['enemy', 'weapon']",,,,,[],,,"{'weapon': {'weapon_machinegun': 1, 'weapon_rocketlauncher': 1, 'weapon_lightning': 1, 'weapon_shotgun': 1, 'weapon_plasmagun': 1}, 'armor': {'item_armor_combat': 1, 'item_armor_shard': 4}, 'health': {'item_health': 1}}"
2025-03-16 17:16:20,0,100,19,4.0,aggressor,"['weapon', 'enemy']",,,,,[],,,"{'weapon': {'weapon_machinegun': 1, 'weapon_rocketlauncher': 1, 'weapon_lightning': 1, 'weapon_shotgun': 1, 'weapon_plasmagun': 1}, 'armor': {'item_armor_combat': 1, 'item_armor_shard': 4}, 'health': {'item_health': 1}}"
2025-03-16 17:16:21,8,100,19,4.0,aggressor,['enemy'],,,,,[],,,"{'weapon': {'weapon_machinegun': 1, 'weapon_rocketlauncher': 1, 'weapon_lightning': 1, 'weapon_shotgun': 1, 'weapon_plasmagun': 1}, 'armor': {'item_armor_combat': 1, 'item_armor_shard': 4}, 'health': {'item_health': 1}}"
2025-03-16 17:16:22,8,100,19,4.0,aggressor,['enemy'],,"Player_172.19.113.65 killed enemy Sarge by MOD_SHOTGUN, player currently has 5 kills and 0 deaths",,,Player_172.19.113.65 picked up Weapon type: weapon_shotgun,,,"{'weapon': {'weapon_machinegun': 1, 'weapon_rocketlauncher': 1, 'weapon_lightning': 1, 'weapon_shotgun': 2, 'weapon_plasmagun': 1}, 'armor': {'item_armor_combat': 1, 'item_armor_shard': 4}, 'health': {'item_health': 1}}"
2025-03-16 17:16:23,7,100,19,4.0,aggressor,"['enemy', 'ammo', 'weapon', 'armour', 'health']",,,,,[],,,"{'weapon': {'weapon_machinegun': 1, 'weapon_rocketlauncher': 1, 'weapon_lightning': 1, 'weapon_shotgun': 2, 'weapon_plasmagun': 1}, 'armor': {'item_armor_combat': 1, 'item_armor_shard': 4}, 'health': {'item_health': 1}}"
2025-03-16 17:16:24,6,100,19,4.0,aggressor,"['health', 'armour', 'enemy', 'weapon']",,,,,[],,,"{'weapon': {'weapon_machinegun': 1, 'weapon_rocketlauncher': 1, 'weapon_lightning': 1, 'weapon_shotgun': 2, 'weapon_plasmagun': 1}, 'armor': {'item_armor_combat': 1, 'item_armor_shard': 4}, 'health': {'item_health': 1}}"
2025-03-16 17:16:25,5,100,19,4.0,aggressor,"['enemy', 'weapon']",,,Player_172.19.113.65 score updated to 5,,[],,,"{'weapon': {'weapon_machinegun': 1, 'weapon_rocketlauncher': 1, 'weapon_lightning': 1, 'weapon_shotgun': 2, 'weapon_plasmagun': 1}, 'armor': {'item_armor_combat': 1, 'item_armor_shard': 4}, 'health': {'item_health': 1}}"
2025-03-16 17:16:26,5,100,19,4.0,aggressor,['enemy'],,,,,[],,,"{'weapon': {'weapon_machinegun': 1, 'weapon_rocketlauncher': 1, 'weapon_lightning': 1, 'weapon_shotgun': 2, 'weapon_plasmagun': 1}, 'armor': {'item_armor_combat': 1, 'item_armor_shard': 4}, 'health': {'item_health': 1}}"
2025-03-16 17:16:27,4,100,19,4.0,aggressor,"['enemy', 'health']",,,,,[],,,"{'weapon': {'weapon_machinegun': 1, 'weapon_rocketlauncher': 1, 'weapon_lightning': 1, 'weapon_shotgun': 2, 'weapon_plasmagun': 1}, 'armor': {'item_armor_combat': 1, 'item_armor_shard': 4}, 'health': {'item_health': 1}}"
2025-03-16 17:16:28,4,100,19,4.0,aggressor,[],,,,,[],,,"{'weapon': {'weapon_machinegun': 1, 'weapon_rocketlauncher': 1, 'weapon_lightning': 1, 'weapon_shotgun': 2, 'weapon_plasmagun': 1}, 'armor': {'item_armor_combat': 1, 'item_armor_shard': 4}, 'health': {'item_health': 1}}"
2025-03-16 17:16:29,4,100,19,4.0,aggressor,['weapon'],,,,,[],,,"{'weapon': {'weapon_machinegun': 1, 'weapon_rocketlauncher': 1, 'weapon_lightning': 1, 'weapon_shotgun': 2, 'weapon_plasmagun': 1}, 'armor': {'item_armor_combat': 1, 'item_armor_shard': 4}, 'health': {'item_health': 1}}"
2025-03-16 17:16:30,3,100,19,4.0,aggressor,"['weapon', 'enemy']",,,,,[],,,"{'weapon': {'weapon_machinegun': 1, 'weapon_rocketlauncher': 1, 'weapon_lightning': 1, 'weapon_shotgun': 2, 'weapon_plasmagun': 1}, 'armor': {'item_armor_combat': 1, 'item_armor_shard': 4}, 'health': {'item_health': 1}}"
2025-03-16 17:16:31,10,100,19,4.0,aggressor,[],,,,,[],,,"{'weapon': {'weapon_machinegun': 1, 'weapon_rocketlauncher': 1, 'weapon_lightning': 1, 'weapon_shotgun': 2, 'weapon_plasmagun': 1}, 'armor': {'item_armor_combat': 1, 'item_armor_shard': 4}, 'health': {'item_health': 1}}"
2025-03-16 17:16:32,10,100,19,4.0,aggressor,['enemy'],,,,,[],,,"{'weapon': {'weapon_machinegun': 1, 'weapon_rocketlauncher': 1, 'weapon_lightning': 1, 'weapon_shotgun': 2, 'weapon_plasmagun': 1}, 'armor': {'item_armor_combat': 1, 'item_armor_shard': 4}, 'health': {'item_health': 1}}"
2025-03-16 17:16:33,10,100,19,4.0,aggressor,"['enemy', 'weapon']",,,,,[],,,"{'weapon': {'weapon_machinegun': 1, 'weapon_rocketlauncher': 1, 'weapon_lightning': 1, 'weapon_shotgun': 2, 'weapon_plasmagun': 1}, 'armor': {'item_armor_combat': 1, 'item_armor_shard': 4}, 'health': {'item_health': 1}}"
2025-03-16 17:16:34,0,100,19,4.0,aggressor,['enemy'],,,,,[],,,"{'weapon': {'weapon_machinegun': 1, 'weapon_rocketlauncher': 1, 'weapon_lightning': 1, 'weapon_shotgun': 2, 'weapon_plasmagun': 1}, 'armor': {'item_armor_combat': 1, 'item_armor_shard': 4}, 'health': {'item_health': 1}}"
2025-03-16 17:16:35,0,100,19,4.0,aggressor,[],,,,,[],,,"{'weapon': {'weapon_machinegun': 1, 'weapon_rocketlauncher': 1, 'weapon_lightning': 1, 'weapon_shotgun': 2, 'weapon_plasmagun': 1}, 'armor': {'item_armor_combat': 1, 'item_armor_shard': 4}, 'health': {'item_health': 1}}"
2025-03-16 17:16:36,0,100,19,4.0,aggressor,[],,,,,[],,,"{'weapon': {'weapon_machinegun': 1, 'weapon_rocketlauncher': 1, 'weapon_lightning': 1, 'weapon_shotgun': 2, 'weapon_plasmagun': 1}, 'armor': {'item_armor_combat': 1, 'item_armor_shard': 4}, 'health': {'item_health': 1}}"
2025-03-16 17:16:37,0,100,19,4.0,aggressor,[],,,,,[],,,"{'weapon': {'weapon_machinegun': 1, 'weapon_rocketlauncher': 1, 'weapon_lightning': 1, 'weapon_shotgun': 2, 'weapon_plasmagun': 1}, 'armor': {'item_armor_combat': 1, 'item_armor_shard': 4}, 'health': {'item_health': 1}}"
2025-03-16 17:16:38,0,100,19,4.0,aggressor,[],,,,,[],,,"{'weapon': {'weapon_machinegun': 1, 'weapon_rocketlauncher': 1, 'weapon_lightning': 1, 'weapon_shotgun': 2, 'weapon_plasmagun': 1}, 'armor': {'item_armor_combat': 1, 'item_armor_shard': 4}, 'health': {'item_health': 1}}"
2025-03-16 17:16:39,0,100,19,4.0,aggressor,[],,,,,[],,,"{'weapon': {'weapon_machinegun': 1, 'weapon_rocketlauncher': 1, 'weapon_lightning': 1, 'weapon_shotgun': 2, 'weapon_plasmagun': 1}, 'armor': {'item_armor_combat': 1, 'item_armor_shard': 4}, 'health': {'item_health': 1}}"
2025-03-16 17:16:40,0,100,19,4.0,aggressor,['enemy'],,,,,[],,,"{'weapon': {'weapon_machinegun': 1, 'weapon_rocketlauncher': 1, 'weapon_lightning': 1, 'weapon_shotgun': 2, 'weapon_plasmagun': 1}, 'armor': {'item_armor_combat': 1, 'item_armor_shard': 4}, 'health': {'item_health': 1}}"
2025-03-16 17:16:41,0,100,1,4.0,aggressor,['enemy'],,,,,[],,,"{'weapon': {'weapon_machinegun': 1, 'weapon_rocketlauncher': 1, 'weapon_lightning': 1, 'weapon_shotgun': 2, 'weapon_plasmagun': 1}, 'armor': {'item_armor_combat': 1, 'item_armor_shard': 4}, 'health': {'item_health': 1}}"
2025-03-16 17:16:42,0,0,0,4.0,aggressor,[],,,,,[],,,"{'weapon': {'weapon_machinegun': 1, 'weapon_rocketlauncher': 1, 'weapon_lightning': 1, 'weapon_shotgun': 2, 'weapon_plasmagun': 1}, 'armor': {'item_armor_combat': 1, 'item_armor_shard': 4}, 'health': {'item_health': 1}}"
2025-03-16 17:16:43,0,0,0,4.0,aggressor,['health'],,,,,Player_172.19.113.65 picked up Weapon type: weapon_lightning,,,"{'weapon': {'weapon_machinegun': 1, 'weapon_rocketlauncher': 1, 'weapon_lightning': 2, 'weapon_shotgun': 2, 'weapon_plasmagun': 1}, 'armor': {'item_armor_combat': 2, 'item_armor_shard': 4}, 'health': {'item_health': 1}}"
2025-03-16 17:16:44,8,100,19,4.0,aggressor,"['health', 'weapon']",,,,,Player_172.19.113.65 picked up Weapon type: weapon_grenadelauncher,,,"{'weapon': {'weapon_machinegun': 1, 'weapon_rocketlauncher': 1, 'weapon_lightning': 2, 'weapon_shotgun': 2, 'weapon_plasmagun': 1, 'weapon_grenadelauncher': 1}, 'armor': {'item_armor_combat': 2, 'item_armor_shard': 4}, 'health': {'item_health': 1}}"
2025-03-16 17:16:45,8,100,19,4.0,aggressor,['health'],,,,,[],,,"{'weapon': {'weapon_machinegun': 1, 'weapon_rocketlauncher': 1, 'weapon_lightning': 2, 'weapon_shotgun': 2, 'weapon_plasmagun': 1, 'weapon_grenadelauncher': 1}, 'armor': {'item_armor_combat': 2, 'item_armor_shard': 4}, 'health': {'item_health': 1}}"
2025-03-16 17:16:46,8,100,19,4.0,aggressor,['health'],,,,,[],,,"{'weapon': {'weapon_machinegun': 1, 'weapon_rocketlauncher': 1, 'weapon_lightning': 2, 'weapon_shotgun': 2, 'weapon_plasmagun': 1, 'weapon_grenadelauncher': 1}, 'armor': {'item_armor_combat': 2, 'item_armor_shard': 4}, 'health': {'item_health': 1}}"
2025-03-16 17:16:47,8,100,19,4.0,aggressor,['health'],,,,,Player_172.19.113.65 picked up Ammo type: ammo_rockets,,,"{'weapon': {'weapon_machinegun': 1, 'weapon_rocketlauncher': 1, 'weapon_lightning': 2, 'weapon_shotgun': 2, 'weapon_plasmagun': 1, 'weapon_grenadelauncher': 1}, 'armor': {'item_armor_combat': 2, 'item_armor_shard': 4}, 'health': {'item_health': 1}}"
2025-03-16 17:16:48,8,100,19,4.0,aggressor,[],,,,,[],,,"{'weapon': {'weapon_machinegun': 1, 'weapon_rocketlauncher': 1, 'weapon_lightning': 2, 'weapon_shotgun': 2, 'weapon_plasmagun': 1, 'weapon_grenadelauncher': 1}, 'armor': {'item_armor_combat': 2, 'item_armor_shard': 4}, 'health': {'item_health': 1}}"
2025-03-16 17:16:49,8,100,19,4.0,aggressor,"['weapon', 'health']",,"Player_172.19.113.65 killed enemy Sarge by MOD_GRENADE, player currently has 6 kills and 0 deaths",,,[],,,"{'weapon': {'weapon_machinegun': 1, 'weapon_rocketlauncher': 1, 'weapon_lightning': 2, 'weapon_shotgun': 2, 'weapon_plasmagun': 1, 'weapon_grenadelauncher': 1}, 'armor': {'item_armor_combat': 2, 'item_armor_shard': 4}, 'health': {'item_health': 1}}"
2025-03-16 17:16:50,8,100,19,4.0,aggressor,"['health', 'weapon', 'armour']",,,Player_172.19.113.65 score updated to 6,,[],,,"{'weapon': {'weapon_machinegun': 1, 'weapon_rocketlauncher': 1, 'weapon_lightning': 2, 'weapon_shotgun': 2, 'weapon_plasmagun': 1, 'weapon_grenadelauncher': 1}, 'armor': {'item_armor_combat': 2, 'item_armor_shard': 4}, 'health': {'item_health': 1}}"
2025-03-16 17:16:51,8,100,19,4.0,aggressor,"['weapon', 'armour']",,,,,[],,,"{'weapon': {'weapon_machinegun': 1, 'weapon_rocketlauncher': 1, 'weapon_lightning': 2, 'weapon_shotgun': 2, 'weapon_plasmagun': 1, 'weapon_grenadelauncher': 1}, 'armor': {'item_armor_combat': 2, 'item_armor_shard': 4}, 'health': {'item_health': 1}}"
2025-03-16 17:16:52,100,100,69,4.0,aggressor,[],,,,,Player_172.19.113.65 picked up Weapon type: weapon_grenadelauncher,,,"{'weapon': {'weapon_machinegun': 1, 'weapon_rocketlauncher': 1, 'weapon_lightning': 2, 'weapon_shotgun': 2, 'weapon_plasmagun': 1, 'weapon_grenadelauncher': 2}, 'armor': {'item_armor_combat': 2, 'item_armor_shard': 4}, 'health': {'item_health': 1}}"
2025-03-16 17:16:53,100,100,69,4.0,aggressor,['ammo'],,,,,[],,,"{'weapon': {'weapon_machinegun': 1, 'weapon_rocketlauncher': 1, 'weapon_lightning': 2, 'weapon_shotgun': 2, 'weapon_plasmagun': 1, 'weapon_grenadelauncher': 2}, 'armor': {'item_armor_combat': 2, 'item_armor_shard': 4}, 'health': {'item_health': 1}}"
2025-03-16 17:16:54,100,100,69,4.0,aggressor,['ammo'],,,,,[],,,"{'weapon': {'weapon_machinegun': 1, 'weapon_rocketlauncher': 1, 'weapon_lightning': 2, 'weapon_shotgun': 2, 'weapon_plasmagun': 1, 'weapon_grenadelauncher': 2}, 'armor': {'item_armor_combat': 2, 'item_armor_shard': 4}, 'health': {'item_health': 1}}"
2025-03-16 17:16:55,100,100,69,4.0,aggressor,['ammo'],,,,,[],,,"{'weapon': {'weapon_machinegun': 1, 'weapon_rocketlauncher': 1, 'weapon_lightning': 2, 'weapon_shotgun': 2, 'weapon_plasmagun': 1, 'weapon_grenadelauncher': 2}, 'armor': {'item_armor_combat': 2, 'item_armor_shard': 4}, 'health': {'item_health': 1}}"
2025-03-16 17:16:56,10,100,69,4.0,aggressor,"['ammo', 'health']",,"Player_172.19.113.65 killed enemy Major by MOD_GRENADE_SPLASH, player currently has 7 kills and 0 deaths",,,[],,,"{'weapon': {'weapon_machinegun': 1, 'weapon_rocketlauncher': 1, 'weapon_lightning': 2, 'weapon_shotgun': 2, 'weapon_plasmagun': 1, 'weapon_grenadelauncher': 2}, 'armor': {'item_armor_combat': 2, 'item_armor_shard': 4}, 'health': {'item_health': 1}}"
2025-03-16 17:16:57,10,100,69,4.0,aggressor,['ammo'],,,,,[],,,"{'weapon': {'weapon_machinegun': 1, 'weapon_rocketlauncher': 1, 'weapon_lightning': 2, 'weapon_shotgun': 2, 'weapon_plasmagun': 1, 'weapon_grenadelauncher': 2}, 'armor': {'item_armor_combat': 2, 'item_armor_shard': 4}, 'health': {'item_health': 1}}"
2025-03-16 17:16:58,5,100,69,4.0,aggressor,['enemy'],,,Player_172.19.113.65 score updated to 7,,[],,,"{'weapon': {'weapon_machinegun': 1, 'weapon_rocketlauncher': 1, 'weapon_lightning': 2, 'weapon_shotgun': 2, 'weapon_plasmagun': 1, 'weapon_grenadelauncher': 2}, 'armor': {'item_armor_combat': 2, 'item_armor_shard': 4}, 'health': {'item_health': 1}}"
2025-03-16 17:16:59,9,93,54,4.0,aggressor,"['enemy', 'armour', 'weapon']",,,,,[],,,"{'weapon': {'weapon_machinegun': 1, 'weapon_rocketlauncher': 1, 'weapon_lightning': 2, 'weapon_shotgun': 2, 'weapon_plasmagun': 1, 'weapon_grenadelauncher': 2}, 'armor': {'item_armor_combat': 2, 'item_armor_shard': 4}, 'health': {'item_health': 1}}"
2025-03-16 17:17:00,8,93,54,4.0,aggressor,"['enemy', 'weapon']",,,,,[],,,"{'weapon': {'weapon_machinegun': 1, 'weapon_rocketlauncher': 1, 'weapon_lightning': 2, 'weapon_shotgun': 2, 'weapon_plasmagun': 1, 'weapon_grenadelauncher': 2}, 'armor': {'item_armor_combat': 2, 'item_armor_shard': 4}, 'health': {'item_health': 1}}"
2025-03-16 17:17:01,17,93,54,4.0,aggressor,['enemy'],,,,,[],,,"{'weapon': {'weapon_machinegun': 1, 'weapon_rocketlauncher': 1, 'weapon_lightning': 2, 'weapon_shotgun': 2, 'weapon_plasmagun': 1, 'weapon_grenadelauncher': 2}, 'armor': {'item_armor_combat': 2, 'item_armor_shard': 4}, 'health': {'item_health': 1}}"
2025-03-16 17:17:02,16,93,54,4.0,aggressor,"['enemy', 'weapon']",,,,,Player_172.19.113.65 picked up Armor type: item_armor_combat,,,"{'weapon': {'weapon_machinegun': 1, 'weapon_rocketlauncher': 1, 'weapon_lightning': 2, 'weapon_shotgun': 2, 'weapon_plasmagun': 1, 'weapon_grenadelauncher': 2}, 'armor': {'item_armor_combat': 3, 'item_armor_shard': 4}, 'health': {'item_health': 1}}"
2025-03-16 17:17:03,15,93,54,4.0,aggressor,"['weapon', 'enemy']",,,,,[],,,"{'weapon': {'weapon_machinegun': 1, 'weapon_rocketlauncher': 1, 'weapon_lightning': 2, 'weapon_shotgun': 2, 'weapon_plasmagun': 1, 'weapon_grenadelauncher': 2}, 'armor': {'item_armor_combat': 3, 'item_armor_shard': 4}, 'health': {'item_health': 1}}"
2025-03-16 17:17:04,14,93,54,4.0,aggressor,"['enemy', 'weapon']",,,,,[],,,"{'weapon': {'weapon_machinegun': 1, 'weapon_rocketlauncher': 1, 'weapon_lightning': 2, 'weapon_shotgun': 2, 'weapon_plasmagun': 1, 'weapon_grenadelauncher': 2}, 'armor': {'item_armor_combat': 3, 'item_armor_shard': 4}, 'health': {'item_health': 1}}"
2025-03-16 17:17:05,13,93,54,4.0,aggressor,"['weapon', 'enemy']",,,,,Player_172.19.113.65 picked up Weapon type: weapon_shotgun,,,"{'weapon': {'weapon_machinegun': 1, 'weapon_rocketlauncher': 1, 'weapon_lightning': 2, 'weapon_shotgun': 3, 'weapon_plasmagun': 1, 'weapon_grenadelauncher': 2}, 'armor': {'item_armor_combat': 3, 'item_armor_shard': 4}, 'health': {'item_health': 1}}"
2025-03-16 17:17:06,12,93,54,4.0,aggressor,"['weapon', 'enemy']",,,,,[],,,"{'weapon': {'weapon_machinegun': 1, 'weapon_rocketlauncher': 1, 'weapon_lightning': 2, 'weapon_shotgun': 3, 'weapon_plasmagun': 1, 'weapon_grenadelauncher': 2}, 'armor': {'item_armor_combat': 3, 'item_armor_shard': 4}, 'health': {'item_health': 1}}"
2025-03-16 17:17:07,11,93,54,4.0,aggressor,"['enemy', 'weapon']",,,,,[],,,"{'weapon': {'weapon_machinegun': 1, 'weapon_rocketlauncher': 1, 'weapon_lightning': 2, 'weapon_shotgun': 3, 'weapon_plasmagun': 1, 'weapon_grenadelauncher': 2}, 'armor': {'item_armor_combat': 3, 'item_armor_shard': 4}, 'health': {'item_health': 1}}"
2025-03-16 17:17:08,11,93,54,4.0,aggressor,"['weapon', 'enemy', 'armour']",,,,,[],,,"{'weapon': {'weapon_machinegun': 1, 'weapon_rocketlauncher': 1, 'weapon_lightning': 2, 'weapon_shotgun': 3, 'weapon_plasmagun': 1, 'weapon_grenadelauncher': 2}, 'armor': {'item_armor_combat': 3, 'item_armor_shard': 4}, 'health': {'item_health': 1}}"
2025-03-16 17:17:09,5,93,54,4.0,aggressor,"['weapon', 'enemy']",,,,,[],,,"{'weapon': {'weapon_machinegun': 1, 'weapon_rocketlauncher': 1, 'weapon_lightning': 2, 'weapon_shotgun': 3, 'weapon_plasmagun': 1, 'weapon_grenadelauncher': 2}, 'armor': {'item_armor_combat': 3, 'item_armor_shard': 4}, 'health': {'item_health': 1}}"
2025-03-16 17:17:10,4,93,54,4.0,aggressor,['armour'],,"Player_172.19.113.65 killed enemy Arachna by MOD_SHOTGUN, player currently has 8 kills and 0 deaths",,,[],,,"{'weapon': {'weapon_machinegun': 1, 'weapon_rocketlauncher': 1, 'weapon_lightning': 2, 'weapon_shotgun': 3, 'weapon_plasmagun': 1, 'weapon_grenadelauncher': 2}, 'armor': {'item_armor_combat': 3, 'item_armor_shard': 4}, 'health': {'item_health': 1}}"
2025-03-16 17:17:11,4,93,54,4.0,aggressor,['armour'],,,Player_172.19.113.65 score updated to 8,,Player_172.19.113.65 picked up Weapon type: weapon_railgun,,,"{'weapon': {'weapon_machinegun': 1, 'weapon_rocketlauncher': 1, 'weapon_lightning': 2, 'weapon_shotgun': 3, 'weapon_plasmagun': 1, 'weapon_grenadelauncher': 2, 'weapon_railgun': 1}, 'armor': {'item_armor_combat': 3, 'item_armor_shard': 4}, 'health': {'item_health': 1}}"
2025-03-16 17:17:12,4,93,103,4.0,aggressor,[],,,,,[],,,"{'weapon': {'weapon_machinegun': 1, 'weapon_rocketlauncher': 1, 'weapon_lightning': 2, 'weapon_shotgun': 3, 'weapon_plasmagun': 1, 'weapon_grenadelauncher': 2, 'weapon_railgun': 1}, 'armor': {'item_armor_combat': 3, 'item_armor_shard': 4}, 'health': {'item_health': 1}}"
2025-03-16 17:17:13,4,93,102,4.0,aggressor,[],,,,,Player_172.19.113.65 picked up Weapon type: weapon_grenadelauncher,,,"{'weapon': {'weapon_machinegun': 1, 'weapon_rocketlauncher': 1, 'weapon_lightning': 2, 'weapon_shotgun': 3, 'weapon_plasmagun': 1, 'weapon_grenadelauncher': 3, 'weapon_railgun': 1}, 'armor': {'item_armor_combat': 3, 'item_armor_shard': 4}, 'health': {'item_health': 1}}"
2025-03-16 17:17:14,4,93,101,4.0,aggressor,"['weapon', 'enemy']",,,,,Player_172.19.113.65 picked up Armor type: item_armor_shard,,,"{'weapon': {'weapon_machinegun': 1, 'weapon_rocketlauncher': 1, 'weapon_lightning': 2, 'weapon_shotgun': 3, 'weapon_plasmagun': 1, 'weapon_grenadelauncher': 3, 'weapon_railgun': 1}, 'armor': {'item_armor_combat': 3, 'item_armor_shard': 5}, 'health': {'item_health': 1}}"
2025-03-16 17:17:15,4,93,100,4.0,aggressor,"['weapon', 'enemy']",,,,,[],,,"{'weapon': {'weapon_machinegun': 1, 'weapon_rocketlauncher': 1, 'weapon_lightning': 2, 'weapon_shotgun': 3, 'weapon_plasmagun': 1, 'weapon_grenadelauncher': 3, 'weapon_railgun': 1}, 'armor': {'item_armor_combat': 3, 'item_armor_shard': 5}, 'health': {'item_health': 1}}"
2025-03-16 17:17:16,3,93,100,4.0,aggressor,['enemy'],,,,,[],,,"{'weapon': {'weapon_machinegun': 1, 'weapon_rocketlauncher': 1, 'weapon_lightning': 2, 'weapon_shotgun': 3, 'weapon_plasmagun': 1, 'weapon_grenadelauncher': 3, 'weapon_railgun': 1}, 'armor': {'item_armor_combat': 3, 'item_armor_shard': 5}, 'health': {'item_health': 1}}"
2025-03-16 17:17:17,10,93,100,4.0,aggressor,['enemy'],,,,,[],,,"{'weapon': {'weapon_machinegun': 1, 'weapon_rocketlauncher': 1, 'weapon_lightning': 2, 'weapon_shotgun': 3, 'weapon_plasmagun': 1, 'weapon_grenadelauncher': 3, 'weapon_railgun': 1}, 'armor': {'item_armor_combat': 3, 'item_armor_shard': 5}, 'health': {'item_health': 1}}"
2025-03-16 17:17:18,10,93,100,4.0,aggressor,['enemy'],,"Player_172.19.113.65 killed enemy Sarge by MOD_ROCKET, player currently has 9 kills and 0 deaths",Player_172.19.113.65 score updated to 9,,Player_172.19.113.65 picked up Armor type: item_armor_shard,,,"{'weapon': {'weapon_machinegun': 1, 'weapon_rocketlauncher': 1, 'weapon_lightning': 2, 'weapon_shotgun': 3, 'weapon_plasmagun': 1, 'weapon_grenadelauncher': 3, 'weapon_railgun': 1}, 'armor': {'item_armor_combat': 3, 'item_armor_shard': 7}, 'health': {'item_health': 1}}"
2025-03-16 17:17:19,9,93,100,4.0,aggressor,['enemy'],,,,,[],,,"{'weapon': {'weapon_machinegun': 1, 'weapon_rocketlauncher': 1, 'weapon_lightning': 2, 'weapon_shotgun': 3, 'weapon_plasmagun': 1, 'weapon_grenadelauncher': 3, 'weapon_railgun': 1}, 'armor': {'item_armor_combat': 3, 'item_armor_shard': 7}, 'health': {'item_health': 1}}"
2025-03-16 17:17:20,8,93,100,4.0,aggressor,"['enemy', 'weapon']",,,,,[],,,"{'weapon': {'weapon_machinegun': 1, 'weapon_rocketlauncher': 1, 'weapon_lightning': 2, 'weapon_shotgun': 3, 'weapon_plasmagun': 1, 'weapon_grenadelauncher': 3, 'weapon_railgun': 1}, 'armor': {'item_armor_combat': 3, 'item_armor_shard': 7}, 'health': {'item_health': 1}}"
2025-03-16 17:17:21,10,93,100,4.0,aggressor,['enemy'],,,,,[],,,"{'weapon': {'weapon_machinegun': 1, 'weapon_rocketlauncher': 1, 'weapon_lightning': 2, 'weapon_shotgun': 3, 'weapon_plasmagun': 1, 'weapon_grenadelauncher': 3, 'weapon_railgun': 1}, 'armor': {'item_armor_combat': 3, 'item_armor_shard': 7}, 'health': {'item_health': 1}}"
2025-03-16 17:17:22,0,93,100,4.0,aggressor,['enemy'],,,,,[],,,"{'weapon': {'weapon_machinegun': 1, 'weapon_rocketlauncher': 1, 'weapon_lightning': 2, 'weapon_shotgun': 3, 'weapon_plasmagun': 1, 'weapon_grenadelauncher': 3, 'weapon_railgun': 1}, 'armor': {'item_armor_combat': 3, 'item_armor_shard': 7}, 'health': {'item_health': 1}}"
2025-03-16 17:17:23,12,93,100,4.0,aggressor,['enemy'],,,,,[],,,"{'weapon': {'weapon_machinegun': 1, 'weapon_rocketlauncher': 1, 'weapon_lightning': 2, 'weapon_shotgun': 3, 'weapon_plasmagun': 1, 'weapon_grenadelauncher': 3, 'weapon_railgun': 1}, 'armor': {'item_armor_combat': 3, 'item_armor_shard': 7}, 'health': {'item_health': 1}}"
2025-03-16 17:17:24,11,93,100,4.0,aggressor,['enemy'],,"['Player_172.19.113.65 killed enemy Arachna by MOD_RAILGUN, player currently has 10 kills and 0 deaths', 'Player_172.19.113.65 killed enemy Angelyss by MOD_RAILGUN, player currently has 11 kills and 0 deaths']",Player_172.19.113.65 score updated to 10,,[],,,"{'weapon': {'weapon_machinegun': 1, 'weapon_rocketlauncher': 1, 'weapon_lightning': 2, 'weapon_shotgun': 3, 'weapon_plasmagun': 1, 'weapon_grenadelauncher': 3, 'weapon_railgun': 1}, 'armor': {'item_armor_combat': 3, 'item_armor_shard': 7}, 'health': {'item_health': 1}}"
2025-03-16 17:17:25,10,93,100,4.0,aggressor,['enemy'],,,,,[],,,"{'weapon': {'weapon_machinegun': 1, 'weapon_rocketlauncher': 1, 'weapon_lightning': 2, 'weapon_shotgun': 3, 'weapon_plasmagun': 1, 'weapon_grenadelauncher': 3, 'weapon_railgun': 1}, 'armor': {'item_armor_combat': 3, 'item_armor_shard': 7}, 'health': {'item_health': 1}}"
2025-03-16 17:17:26,3,93,100,4.0,aggressor,"['enemy', 'armour']",,,Player_172.19.113.65 score updated to 11,,Player_172.19.113.65 picked up Weapon type: weapon_plasmagun,,,"{'weapon': {'weapon_machinegun': 1, 'weapon_rocketlauncher': 1, 'weapon_lightning': 2, 'weapon_shotgun': 3, 'weapon_plasmagun': 2, 'weapon_grenadelauncher': 3, 'weapon_railgun': 1}, 'armor': {'item_armor_combat': 3, 'item_armor_shard': 7}, 'health': {'item_health': 1}}"
2025-03-16 17:17:27,2,93,114,4.0,aggressor,"['enemy', 'armour']",,,,,[],,,"{'weapon': {'weapon_machinegun': 1, 'weapon_rocketlauncher': 1, 'weapon_lightning': 2, 'weapon_shotgun': 3, 'weapon_plasmagun': 2, 'weapon_grenadelauncher': 3, 'weapon_railgun': 1}, 'armor': {'item_armor_combat': 3, 'item_armor_shard': 7}, 'health': {'item_health': 1}}"
2025-03-16 17:17:28,0,92,112,4.0,aggressor,"['enemy', 'weapon']",,,,,[],,,"{'weapon': {'weapon_machinegun': 1, 'weapon_rocketlauncher': 1, 'weapon_lightning': 2, 'weapon_shotgun': 3, 'weapon_plasmagun': 2, 'weapon_grenadelauncher': 3, 'weapon_railgun': 1}, 'armor': {'item_armor_combat': 3, 'item_armor_shard': 7}, 'health': {'item_health': 1}}"
2025-03-16 17:17:29,0,92,110,4.0,aggressor,['enemy'],,,,,[],,,"{'weapon': {'weapon_machinegun': 1, 'weapon_rocketlauncher': 1, 'weapon_lightning': 2, 'weapon_shotgun': 3, 'weapon_plasmagun': 2, 'weapon_grenadelauncher': 3, 'weapon_railgun': 1}, 'armor': {'item_armor_combat': 3, 'item_armor_shard': 7}, 'health': {'item_health': 1}}"
2025-03-16 17:17:30,9,92,109,4.0,aggressor,['enemy'],,"Player_172.19.113.65 killed enemy Major by MOD_SHOTGUN, player currently has 12 kills and 0 deaths",Player_172.19.113.65 score updated to 12,,[],,,"{'weapon': {'weapon_machinegun': 1, 'weapon_rocketlauncher': 1, 'weapon_lightning': 2, 'weapon_shotgun': 3, 'weapon_plasmagun': 2, 'weapon_grenadelauncher': 3, 'weapon_railgun': 1}, 'armor': {'item_armor_combat': 3, 'item_armor_shard': 7}, 'health': {'item_health': 1}}"
2025-03-16 17:17:31,9,92,108,4.0,aggressor,"['enemy', 'weapon']",,,,,[],,,"{'weapon': {'weapon_machinegun': 1, 'weapon_rocketlauncher': 1, 'weapon_lightning': 2, 'weapon_shotgun': 3, 'weapon_plasmagun': 2, 'weapon_grenadelauncher': 3, 'weapon_railgun': 1}, 'armor': {'item_armor_combat': 3, 'item_armor_shard': 7}, 'health': {'item_health': 1}}"
2025-03-16 17:17:32,9,92,107,4.0,aggressor,"['weapon', 'enemy', 'health']",,"Player_172.19.113.65 killed enemy Arachna by MOD_SHOTGUN, player currently has 13 kills and 0 deaths",,,[],,,"{'weapon': {'weapon_machinegun': 1, 'weapon_rocketlauncher': 1, 'weapon_lightning': 2, 'weapon_shotgun': 3, 'weapon_plasmagun': 2, 'weapon_grenadelauncher': 3, 'weapon_railgun': 1}, 'armor': {'item_armor_combat': 3, 'item_armor_shard': 7}, 'health': {'item_health': 1}}"
2025-03-16 17:17:33,8,92,106,4.0,aggressor,"['enemy', 'armour', 'weapon']",,,Player_172.19.113.65 score updated to 13,,Player_172.19.113.65 picked up Weapon type: weapon_shotgun,,,"{'weapon': {'weapon_machinegun': 1, 'weapon_rocketlauncher': 1, 'weapon_lightning': 2, 'weapon_shotgun': 4, 'weapon_plasmagun': 2, 'weapon_grenadelauncher': 3, 'weapon_railgun': 1}, 'armor': {'item_armor_combat': 3, 'item_armor_shard': 7}, 'health': {'item_health': 1}}"
2025-03-16 17:17:34,8,92,105,4.0,aggressor,"['enemy', 'weapon']",,,,,[],,,"{'weapon': {'weapon_machinegun': 1, 'weapon_rocketlauncher': 1, 'weapon_lightning': 2, 'weapon_shotgun': 4, 'weapon_plasmagun': 2, 'weapon_grenadelauncher': 3, 'weapon_railgun': 1}, 'armor': {'item_armor_combat': 3, 'item_armor_shard': 7}, 'health': {'item_health': 1}}"
2025-03-16 17:17:35,0,92,104,4.0,aggressor,"['weapon', 'armour', 'enemy']",,,,,[],,,"{'weapon': {'weapon_machinegun': 1, 'weapon_rocketlauncher': 1, 'weapon_lightning': 2, 'weapon_shotgun': 4, 'weapon_plasmagun': 2, 'weapon_grenadelauncher': 3, 'weapon_railgun': 1}, 'armor': {'item_armor_combat': 3, 'item_armor_shard': 7}, 'health': {'item_health': 1}}"
2025-03-16 17:17:36,8,92,103,4.0,aggressor,"['enemy', 'health']",,,,,[],,,"{'weapon': {'weapon_machinegun': 1, 'weapon_rocketlauncher': 1, 'weapon_lightning': 2, 'weapon_shotgun': 4, 'weapon_plasmagun': 2, 'weapon_grenadelauncher': 3, 'weapon_railgun': 1}, 'armor': {'item_armor_combat': 3, 'item_armor_shard': 7}, 'health': {'item_health': 1}}"
2025-03-16 17:17:37,8,92,102,4.0,aggressor,"['enemy', 'health']",,,,,[],,,"{'weapon': {'weapon_machinegun': 1, 'weapon_rocketlauncher': 1, 'weapon_lightning': 2, 'weapon_shotgun': 4, 'weapon_plasmagun': 2, 'weapon_grenadelauncher': 3, 'weapon_railgun': 1}, 'armor': {'item_armor_combat': 3, 'item_armor_shard': 7}, 'health': {'item_health': 1}}"
2025-03-16 17:17:38,7,92,101,4.0,aggressor,"['enemy', 'health']",,,,,[],,,"{'weapon': {'weapon_machinegun': 1, 'weapon_rocketlauncher': 1, 'weapon_lightning': 2, 'weapon_shotgun': 4, 'weapon_plasmagun': 2, 'weapon_grenadelauncher': 3, 'weapon_railgun': 1}, 'armor': {'item_armor_combat': 3, 'item_armor_shard': 7}, 'health': {'item_health': 1}}"
2025-03-16 17:17:39,6,92,100,4.0,aggressor,"['enemy', 'weapon', 'health']",,"Player_172.19.113.65 killed enemy Sarge by MOD_SHOTGUN, player currently has 14 kills and 0 deaths",,,[],,,"{'weapon': {'weapon_machinegun': 1, 'weapon_rocketlauncher': 1, 'weapon_lightning': 2, 'weapon_shotgun': 4, 'weapon_plasmagun': 2, 'weapon_grenadelauncher': 3, 'weapon_railgun': 1}, 'armor': {'item_armor_combat': 3, 'item_armor_shard': 7}, 'health': {'item_health': 1}}"
2025-03-16 17:17:40,5,92,100,4.0,aggressor,"['enemy', 'weapon', 'health']",,,,,[],,,"{'weapon': {'weapon_machinegun': 1, 'weapon_rocketlauncher': 1, 'weapon_lightning': 2, 'weapon_shotgun': 4, 'weapon_plasmagun': 2, 'weapon_grenadelauncher': 3, 'weapon_railgun': 1}, 'armor': {'item_armor_combat': 3, 'item_armor_shard': 7}, 'health': {'item_health': 1}}"
2025-03-16 17:17:41,4,92,100,4.0,aggressor,['enemy'],,,Player_172.19.113.65 score updated to 14,,Player_172.19.113.65 picked up Weapon type: weapon_lightning,,,"{'weapon': {'weapon_machinegun': 1, 'weapon_rocketlauncher': 1, 'weapon_lightning': 3, 'weapon_shotgun': 4, 'weapon_plasmagun': 2, 'weapon_grenadelauncher': 3, 'weapon_railgun': 1}, 'armor': {'item_armor_combat': 3, 'item_armor_shard': 7}, 'health': {'item_health': 1}}"
2025-03-16 17:17:42,3,92,100,4.0,aggressor,"['enemy', 'weapon']",,,,,[],,,"{'weapon': {'weapon_machinegun': 1, 'weapon_rocketlauncher': 1, 'weapon_lightning': 3, 'weapon_shotgun': 4, 'weapon_plasmagun': 2, 'weapon_grenadelauncher': 3, 'weapon_railgun': 1}, 'armor': {'item_armor_combat': 3, 'item_armor_shard': 7}, 'health': {'item_health': 1}}"
2025-03-16 17:17:43,12,92,100,4.0,aggressor,['enemy'],,,,,Player_172.19.113.65 picked up Health type: item_health,,,"{'weapon': {'weapon_machinegun': 1, 'weapon_rocketlauncher': 1, 'weapon_lightning': 3, 'weapon_shotgun': 4, 'weapon_plasmagun': 2, 'weapon_grenadelauncher': 3, 'weapon_railgun': 1}, 'armor': {'item_armor_combat': 3, 'item_armor_shard': 7}, 'health': {'item_health': 2}}"
2025-03-16 17:17:44,11,92,100,4.0,aggressor,['enemy'],,,,,[],,,"{'weapon': {'weapon_machinegun': 1, 'weapon_rocketlauncher': 1, 'weapon_lightning': 3, 'weapon_shotgun': 4, 'weapon_plasmagun': 2, 'weapon_grenadelauncher': 3, 'weapon_railgun': 1}, 'armor': {'item_armor_combat': 3, 'item_armor_shard': 7}, 'health': {'item_health': 2}}"
2025-03-16 17:17:45,11,92,100,4.0,aggressor,"['enemy', 'health']",,,,,[],,,"{'weapon': {'weapon_machinegun': 1, 'weapon_rocketlauncher': 1, 'weapon_lightning': 3, 'weapon_shotgun': 4, 'weapon_plasmagun': 2, 'weapon_grenadelauncher': 3, 'weapon_railgun': 1}, 'armor': {'item_armor_combat': 3, 'item_armor_shard': 7}, 'health': {'item_health': 2}}"
2025-03-16 17:17:46,11,92,100,4.0,aggressor,[],,,,,[],,,"{'weapon': {'weapon_machinegun': 1, 'weapon_rocketlauncher': 1, 'weapon_lightning': 3, 'weapon_shotgun': 4, 'weapon_plasmagun': 2, 'weapon_grenadelauncher': 3, 'weapon_railgun': 1}, 'armor': {'item_armor_combat': 3, 'item_armor_shard': 7}, 'health': {'item_health': 2}}"
2025-03-16 17:17:47,11,92,100,4.0,aggressor,"['armour', 'health', 'enemy']",,"Player_172.19.113.65 killed enemy Arachna by MOD_RAILGUN, player currently has 15 kills and 0 deaths",,,[],,,"{'weapon': {'weapon_machinegun': 1, 'weapon_rocketlauncher': 1, 'weapon_lightning': 3, 'weapon_shotgun': 4, 'weapon_plasmagun': 2, 'weapon_grenadelauncher': 3, 'weapon_railgun': 1}, 'armor': {'item_armor_combat': 3, 'item_armor_shard': 7}, 'health': {'item_health': 2}}"
2025-03-16 17:17:48,10,92,100,4.0,aggressor,"['enemy', 'health']",,,Player_172.19.113.65 score updated to 15,,Player_172.19.113.65 picked up Weapon type: weapon_lightning,,,"{'weapon': {'weapon_machinegun': 1, 'weapon_rocketlauncher': 1, 'weapon_lightning': 4, 'weapon_shotgun': 4, 'weapon_plasmagun': 2, 'weapon_grenadelauncher': 3, 'weapon_railgun': 1}, 'armor': {'item_armor_combat': 3, 'item_armor_shard': 7}, 'health': {'item_health': 2}}"
2025-03-16 17:17:49,10,92,100,4.0,aggressor,"['enemy', 'armour']",,"Player_172.19.113.65 killed enemy Major by MOD_LIGHTNING, player currently has 16 kills and 0 deaths",,,[],,,"{'weapon': {'weapon_machinegun': 1, 'weapon_rocketlauncher': 1, 'weapon_lightning': 4, 'weapon_shotgun': 4, 'weapon_plasmagun': 2, 'weapon_grenadelauncher': 3, 'weapon_railgun': 1}, 'armor': {'item_armor_combat': 3, 'item_armor_shard': 7}, 'health': {'item_health': 2}}"
2025-03-16 17:17:50,0,92,100,4.0,aggressor,"['enemy', 'armour', 'health']",,,,,[],,,"{'weapon': {'weapon_machinegun': 1, 'weapon_rocketlauncher': 1, 'weapon_lightning': 4, 'weapon_shotgun': 4, 'weapon_plasmagun': 2, 'weapon_grenadelauncher': 3, 'weapon_railgun': 1}, 'armor': {'item_armor_combat': 3, 'item_armor_shard': 7}, 'health': {'item_health': 2}}"
2025-03-16 17:17:51,7,92,100,4.0,aggressor,['health'],,,,,[],,,"{'weapon': {'weapon_machinegun': 1, 'weapon_rocketlauncher': 1, 'weapon_lightning': 4, 'weapon_shotgun': 4, 'weapon_plasmagun': 2, 'weapon_grenadelauncher': 3, 'weapon_railgun': 1}, 'armor': {'item_armor_combat': 3, 'item_armor_shard': 7}, 'health': {'item_health': 2}}"
2025-03-16 17:17:52,7,92,100,4.0,aggressor,"['health', 'armour']",,"Player_172.19.113.65 killed enemy Angelyss by MOD_LIGHTNING, player currently has 17 kills and 0 deaths",Player_172.19.113.65 score updated to 16,,[],,,"{'weapon': {'weapon_machinegun': 1, 'weapon_rocketlauncher': 1, 'weapon_lightning': 4, 'weapon_shotgun': 4, 'weapon_plasmagun': 2, 'weapon_grenadelauncher': 3, 'weapon_railgun': 1}, 'armor': {'item_armor_combat': 3, 'item_armor_shard': 7}, 'health': {'item_health': 2}}"
2025-03-16 17:17:53,7,100,100,4.0,aggressor,['enemy'],,,Player_172.19.113.65 score updated to 17,,[],,,"{'weapon': {'weapon_machinegun': 1, 'weapon_rocketlauncher': 1, 'weapon_lightning': 4, 'weapon_shotgun': 4, 'weapon_plasmagun': 2, 'weapon_grenadelauncher': 3, 'weapon_railgun': 1}, 'armor': {'item_armor_combat': 3, 'item_armor_shard': 7}, 'health': {'item_health': 2}}"
2025-03-16 17:17:54,6,100,100,4.0,aggressor,['enemy'],,,,,Player_172.19.113.65 picked up Weapon type: weapon_plasmagun,,,"{'weapon': {'weapon_machinegun': 1, 'weapon_rocketlauncher': 1, 'weapon_lightning': 4, 'weapon_shotgun': 4, 'weapon_plasmagun': 3, 'weapon_grenadelauncher': 3, 'weapon_railgun': 1}, 'armor': {'item_armor_combat': 3, 'item_armor_shard': 7}, 'health': {'item_health': 2}}"
2025-03-16 17:17:55,6,100,100,4.0,aggressor,[],,,,,Player_172.19.113.65 picked up Armor type: item_armor_shard,,,"{'weapon': {'weapon_machinegun': 1, 'weapon_rocketlauncher': 1, 'weapon_lightning': 4, 'weapon_shotgun': 4, 'weapon_plasmagun': 3, 'weapon_grenadelauncher': 3, 'weapon_railgun': 1}, 'armor': {'item_armor_combat': 3, 'item_armor_shard': 8}, 'health': {'item_health': 2}}"
2025-03-16 17:17:56,6,100,100,4.0,aggressor,"['enemy', 'health', 'weapon']",,,,,Player_172.19.113.65 picked up Armor type: item_armor_shard,,,"{'weapon': {'weapon_machinegun': 1, 'weapon_rocketlauncher': 1, 'weapon_lightning': 4, 'weapon_shotgun': 4, 'weapon_plasmagun': 3, 'weapon_grenadelauncher': 3, 'weapon_railgun': 1}, 'armor': {'item_armor_combat': 3, 'item_armor_shard': 9}, 'health': {'item_health': 2}}"
2025-03-16 17:17:57,5,100,100,4.0,aggressor,"['weapon', 'enemy', 'health']",,,,,Player_172.19.113.65 picked up Armor type: item_armor_shard,,,"{'weapon': {'weapon_machinegun': 1, 'weapon_rocketlauncher': 1, 'weapon_lightning': 4, 'weapon_shotgun': 4, 'weapon_plasmagun': 3, 'weapon_grenadelauncher': 3, 'weapon_railgun': 1}, 'armor': {'item_armor_combat': 3, 'item_armor_shard': 11}, 'health': {'item_health': 2}}"
2025-03-16 17:17:58,5,100,100,4.0,aggressor,"['health', 'enemy']",,"Player_172.19.113.65 killed enemy Arachna by MOD_PLASMA, player currently has 18 kills and 0 deaths",,,[],,,"{'weapon': {'weapon_machinegun': 1, 'weapon_rocketlauncher': 1, 'weapon_lightning': 4, 'weapon_shotgun': 4, 'weapon_plasmagun': 3, 'weapon_grenadelauncher': 3, 'weapon_railgun': 1}, 'armor': {'item_armor_combat': 3, 'item_armor_shard': 11}, 'health': {'item_health': 2}}"
2025-03-16 17:17:59,200,100,100,4.0,aggressor,"['health', 'enemy', 'weapon']",,,,,[],,,"{'weapon': {'weapon_machinegun': 1, 'weapon_rocketlauncher': 1, 'weapon_lightning': 4, 'weapon_shotgun': 4, 'weapon_plasmagun': 3, 'weapon_grenadelauncher': 3, 'weapon_railgun': 1}, 'armor': {'item_armor_combat': 3, 'item_armor_shard': 11}, 'health': {'item_health': 2}}"
2025-03-16 17:18:00,192,0,0,4.0,aggressor,"['enemy', 'health']",,,Player_172.19.113.65 score updated to 18,,Player_172.19.113.65 picked up Weapon type: weapon_rocketlauncher,,,"{'weapon': {'weapon_machinegun': 1, 'weapon_rocketlauncher': 2, 'weapon_lightning': 4, 'weapon_shotgun': 4, 'weapon_plasmagun': 3, 'weapon_grenadelauncher': 3, 'weapon_railgun': 1}, 'armor': {'item_armor_combat': 3, 'item_armor_shard': 11}, 'health': {'item_health': 2}}"
2025-03-16 17:18:01,165,0,100,4.0,aggressor,"['enemy', 'health', 'weapon']",,,,,[],,,"{'weapon': {'weapon_machinegun': 1, 'weapon_rocketlauncher': 2, 'weapon_lightning': 4, 'weapon_shotgun': 4, 'weapon_plasmagun': 3, 'weapon_grenadelauncher': 3, 'weapon_railgun': 1}, 'armor': {'item_armor_combat': 3, 'item_armor_shard': 11}, 'health': {'item_health': 2}}"
2025-03-16 17:18:02,135,100,100,4.0,aggressor,"['enemy', 'weapon']",,,,,[],,,"{'weapon': {'weapon_machinegun': 1, 'weapon_rocketlauncher': 2, 'weapon_lightning': 4, 'weapon_shotgun': 4, 'weapon_plasmagun': 3, 'weapon_grenadelauncher': 3, 'weapon_railgun': 1}, 'armor': {'item_armor_combat': 3, 'item_armor_shard': 11}, 'health': {'item_health': 2}}"
2025-03-16 17:18:03,135,100,100,4.0,aggressor,"['weapon', 'enemy', 'ammo', 'armour']",,"Player_172.19.113.65 killed enemy Major by MOD_ROCKET_SPLASH, player currently has 19 kills and 0 deaths",,,[],,,"{'weapon': {'weapon_machinegun': 1, 'weapon_rocketlauncher': 2, 'weapon_lightning': 4, 'weapon_shotgun': 4, 'weapon_plasmagun': 3, 'weapon_grenadelauncher': 3, 'weapon_railgun': 1}, 'armor': {'item_armor_combat': 3, 'item_armor_shard': 11}, 'health': {'item_health': 2}}"
2025-03-16 17:18:04,100,100,100,4.0,aggressor,"['armour', 'enemy']",,"Player_172.19.113.65 killed enemy Sarge by MOD_ROCKET, player currently has 20 kills and 0 deaths",Player_172.19.113.65 score updated to 19,,[],,,"{'weapon': {'weapon_machinegun': 1, 'weapon_rocketlauncher': 2, 'weapon_lightning': 4, 'weapon_shotgun': 4, 'weapon_plasmagun': 3, 'weapon_grenadelauncher': 3, 'weapon_railgun': 1}, 'armor': {'item_armor_combat': 3, 'item_armor_shard': 11}, 'health': {'item_health': 2}}"
2025-03-16 17:18:05,100,100,109,4.0,aggressor,"['enemy', 'armour']",,,,,[],,,"{'weapon': {'weapon_machinegun': 1, 'weapon_rocketlauncher': 2, 'weapon_lightning': 4, 'weapon_shotgun': 4, 'weapon_plasmagun': 3, 'weapon_grenadelauncher': 3, 'weapon_railgun': 1}, 'armor': {'item_armor_combat': 3, 'item_armor_shard': 11}, 'health': {'item_health': 2}}"
2025-03-16 17:18:06,100,100,118,4.0,aggressor,['enemy'],,,Player_172.19.113.65 score updated to 20,,Player_172.19.113.65 picked up Weapon type: weapon_shotgun,,,"{'weapon': {'weapon_machinegun': 1, 'weapon_rocketlauncher': 2, 'weapon_lightning': 4, 'weapon_shotgun': 5, 'weapon_plasmagun': 3, 'weapon_grenadelauncher': 3, 'weapon_railgun': 1}, 'armor': {'item_armor_combat': 3, 'item_armor_shard': 11}, 'health': {'item_health': 2}}"
2025-03-16 17:18:07,95,100,117,4.0,aggressor,"['enemy', 'weapon']",,,,,[],,,"{'weapon': {'weapon_machinegun': 1, 'weapon_rocketlauncher': 2, 'weapon_lightning': 4, 'weapon_shotgun': 5, 'weapon_plasmagun': 3, 'weapon_grenadelauncher': 3, 'weapon_railgun': 1}, 'armor': {'item_armor_combat': 3, 'item_armor_shard': 11}, 'health': {'item_health': 2}}"
2025-03-16 17:18:08,84,100,116,4.0,aggressor,"['enemy', 'weapon']",,"Player_172.19.113.65 killed enemy Major by MOD_ROCKET, player currently has 21 kills and 0 deaths",Player_172.19.113.65 score updated to 21,,[],,,"{'weapon': {'weapon_machinegun': 1, 'weapon_rocketlauncher': 2, 'weapon_lightning': 4, 'weapon_shotgun': 5, 'weapon_plasmagun': 3, 'weapon_grenadelauncher': 3, 'weapon_railgun': 1}, 'armor': {'item_armor_combat': 3, 'item_armor_shard': 11}, 'health': {'item_health': 2}}"
2025-03-16 17:18:09,72,100,115,4.0,aggressor,"['enemy', 'weapon']",,,,,[],,,"{'weapon': {'weapon_machinegun': 1, 'weapon_rocketlauncher': 2, 'weapon_lightning': 4, 'weapon_shotgun': 5, 'weapon_plasmagun': 3, 'weapon_grenadelauncher': 3, 'weapon_railgun': 1}, 'armor': {'item_armor_combat': 3, 'item_armor_shard': 11}, 'health': {'item_health': 2}}"
2025-03-16 17:18:10,0,100,114,4.0,aggressor,"['weapon', 'enemy']",,,,,[],,,"{'weapon': {'weapon_machinegun': 1, 'weapon_rocketlauncher': 2, 'weapon_lightning': 4, 'weapon_shotgun': 5, 'weapon_plasmagun': 3, 'weapon_grenadelauncher': 3, 'weapon_railgun': 1}, 'armor': {'item_armor_combat': 3, 'item_armor_shard': 11}, 'health': {'item_health': 2}}"
2025-03-16 17:18:11,8,100,113,4.0,aggressor,"['weapon', 'enemy']",,,,,Player_172.19.113.65 picked up Ammo type: ammo_rockets,,,"{'weapon': {'weapon_machinegun': 1, 'weapon_rocketlauncher': 2, 'weapon_lightning': 4, 'weapon_shotgun': 5, 'weapon_plasmagun': 3, 'weapon_grenadelauncher': 3, 'weapon_railgun': 1}, 'armor': {'item_armor_combat': 3, 'item_armor_shard': 11}, 'health': {'item_health': 2}}"
2025-03-16 17:18:12,7,100,112,4.0,aggressor,['enemy'],,,,,[],,,"{'weapon': {'weapon_machinegun': 1, 'weapon_rocketlauncher': 2, 'weapon_lightning': 4, 'weapon_shotgun': 5, 'weapon_plasmagun': 3, 'weapon_grenadelauncher': 3, 'weapon_railgun': 1}, 'armor': {'item_armor_combat': 3, 'item_armor_shard': 11}, 'health': {'item_health': 2}}"
2025-03-16 17:18:13,6,100,112,4.0,aggressor,['enemy'],,,,,[],,,"{'weapon': {'weapon_machinegun': 1, 'weapon_rocketlauncher': 2, 'weapon_lightning': 4, 'weapon_shotgun': 5, 'weapon_plasmagun': 3, 'weapon_grenadelauncher': 3, 'weapon_railgun': 1}, 'armor': {'item_armor_combat': 3, 'item_armor_shard': 11}, 'health': {'item_health': 2}}"
2025-03-16 17:18:14,5,100,110,4.0,aggressor,['enemy'],,,,,[],,,"{'weapon': {'weapon_machinegun': 1, 'weapon_rocketlauncher': 2, 'weapon_lightning': 4, 'weapon_shotgun': 5, 'weapon_plasmagun': 3, 'weapon_grenadelauncher': 3, 'weapon_railgun': 1}, 'armor': {'item_armor_combat': 3, 'item_armor_shard': 11}, 'health': {'item_health': 2}}"
2025-03-16 17:18:15,4,100,109,4.0,aggressor,"['enemy', 'weapon', 'health']",,,,,[],,,"{'weapon': {'weapon_machinegun': 1, 'weapon_rocketlauncher': 2, 'weapon_lightning': 4, 'weapon_shotgun': 5, 'weapon_plasmagun': 3, 'weapon_grenadelauncher': 3, 'weapon_railgun': 1}, 'armor': {'item_armor_combat': 3, 'item_armor_shard': 11}, 'health': {'item_health': 2}}"
2025-03-16 17:18:16,3,100,108,4.0,aggressor,"['weapon', 'enemy']",,,,,[],,,"{'weapon': {'weapon_machinegun': 1, 'weapon_rocketlauncher': 2, 'weapon_lightning': 4, 'weapon_shotgun': 5, 'weapon_plasmagun': 3, 'weapon_grenadelauncher': 3, 'weapon_railgun': 1}, 'armor': {'item_armor_combat': 3, 'item_armor_shard': 11}, 'health': {'item_health': 2}}"
2025-03-16 17:18:17,2,100,107,4.0,aggressor,"['enemy', 'weapon', 'health']",,,,,[],,,"{'weapon': {'weapon_machinegun': 1, 'weapon_rocketlauncher': 2, 'weapon_lightning': 4, 'weapon_shotgun': 5, 'weapon_plasmagun': 3, 'weapon_grenadelauncher': 3, 'weapon_railgun': 1}, 'armor': {'item_armor_combat': 3, 'item_armor_shard': 11}, 'health': {'item_health': 2}}"
2025-03-16 17:18:18,19,100,106,4.0,aggressor,"['health', 'weapon']",,,,,[],,,"{'weapon': {'weapon_machinegun': 1, 'weapon_rocketlauncher': 2, 'weapon_lightning': 4, 'weapon_shotgun': 5, 'weapon_plasmagun': 3, 'weapon_grenadelauncher': 3, 'weapon_railgun': 1}, 'armor': {'item_armor_combat': 3, 'item_armor_shard': 11}, 'health': {'item_health': 2}}"
2025-03-16 17:18:19,18,100,105,5.0,wrackdm17,"['weapon', 'health', 'ammo']",,,,,[],,"New game round started. Changed game round to 5.0 and map to wrackdm17. Player inventory, kills, and deaths are reset.","{'weapon': {'weapon_machinegun': 1}, 'armor': 0, 'health': 0}"
2025-03-16 17:18:20,18,100,104,5.0,wrackdm17,"['weapon', 'enemy']",,,,,[],,,"{'weapon': {'weapon_machinegun': 1}, 'armor': 0, 'health': 0}"
2025-03-16 17:18:21,18,100,103,5.0,wrackdm17,['enemy'],,,,,[],,,"{'weapon': {'weapon_machinegun': 1}, 'armor': 0, 'health': 0}"
2025-03-16 17:18:22,18,100,102,5.0,wrackdm17,['enemy'],,,,,[],,,"{'weapon': {'weapon_machinegun': 1}, 'armor': 0, 'health': 0}"
2025-03-16 17:18:23,0,0,0,5.0,wrackdm17,[],,,,,[],,,"{'weapon': {'weapon_machinegun': 1}, 'armor': 0, 'health': 0}"
2025-03-16 17:18:24,0,0,0,5.0,wrackdm17,[],Player_172.19.113.65 died by fall off from game map,,,,[],Player_172.19.113.65 lost all items due to killed or suicide event.,,"{'weapon': {'weapon_machinegun': 1}, 'armor': 0, 'health': 0}"
2025-03-16 17:18:25,0,0,0,5.0,wrackdm17,[],,,,,[],,,"{'weapon': {'weapon_machinegun': 1}, 'armor': 0, 'health': 0}"
2025-03-16 17:18:26,0,0,0,5.0,wrackdm17,[],,,,,[],,,"{'weapon': {'weapon_machinegun': 1}, 'armor': 0, 'health': 0}"
2025-03-16 17:18:27,0,0,0,5.0,wrackdm17,[],,,,,[],,,"{'weapon': {'weapon_machinegun': 1}, 'armor': 0, 'health': 0}"
2025-03-16 17:18:28,0,0,0,5.0,wrackdm17,[],,,,,[],,,"{'weapon': {'weapon_machinegun': 1}, 'armor': 0, 'health': 0}"
2025-03-16 17:18:29,0,0,0,5.0,wrackdm17,[],,,,,[],,,"{'weapon': {'weapon_machinegun': 1}, 'armor': 0, 'health': 0}"
2025-03-16 17:18:30,0,0,0,5.0,wrackdm17,[],,,,,[],,,"{'weapon': {'weapon_machinegun': 1}, 'armor': 0, 'health': 0}"
2025-03-16 17:18:31,0,0,0,5.0,wrackdm17,['enemy'],,,,,[],,,"{'weapon': {'weapon_machinegun': 1}, 'armor': 0, 'health': 0}"
2025-03-16 17:18:32,0,0,0,5.0,wrackdm17,['enemy'],,,,,[],,,"{'weapon': {'weapon_machinegun': 1}, 'armor': 0, 'health': 0}"
2025-03-16 17:18:33,0,0,0,5.0,wrackdm17,[],,,,,[],,,"{'weapon': {'weapon_machinegun': 1}, 'armor': 0, 'health': 0}"
2025-03-16 17:18:34,64,0,0,5.0,wrackdm17,[],,,,,[],,,"{'weapon': {'weapon_machinegun': 1}, 'armor': 0, 'health': 0}"
2025-03-16 17:18:35,0,0,0,5.0,wrackdm17,[],,,,,[],,,"{'weapon': {'weapon_machinegun': 1}, 'armor': 0, 'health': 0}"
2025-03-16 17:18:36,0,0,0,5.0,wrackdm17,[],,,,,[],,,"{'weapon': {'weapon_machinegun': 1}, 'armor': 0, 'health': 0}"
2025-03-16 17:18:37,0,0,0,5.0,wrackdm17,[],,,,,[],,,"{'weapon': {'weapon_machinegun': 1}, 'armor': 0, 'health': 0}"
2025-03-16 17:18:38,0,0,0,5.0,wrackdm17,[],,,,,[],,,"{'weapon': {'weapon_machinegun': 1}, 'armor': 0, 'health': 0}"
2025-03-16 17:18:39,0,0,0,5.0,wrackdm17,[],,,,,[],,,"{'weapon': {'weapon_machinegun': 1}, 'armor': 0, 'health': 0}"
2025-03-16 17:18:40,0,0,0,5.0,wrackdm17,[],,,,,[],,,"{'weapon': {'weapon_machinegun': 1}, 'armor': 0, 'health': 0}"
2025-03-16 17:18:41,0,0,0,5.0,wrackdm17,[],,,,,[],,,"{'weapon': {'weapon_machinegun': 1}, 'armor': 0, 'health': 0}"
2025-03-16 17:18:42,0,0,0,5.0,wrackdm17,[],,,,,[],,,"{'weapon': {'weapon_machinegun': 1}, 'armor': 0, 'health': 0}"
2025-03-16 17:18:43,0,0,0,5.0,wrackdm17,[],,,,,[],,,"{'weapon': {'weapon_machinegun': 1}, 'armor': 0, 'health': 0}"
2025-03-16 17:18:44,0,0,0,5.0,wrackdm17,[],,,,,[],,,"{'weapon': {'weapon_machinegun': 1}, 'armor': 0, 'health': 0}"
2025-03-16 17:18:45,0,0,0,5.0,wrackdm17,[],,,,,[],,,"{'weapon': {'weapon_machinegun': 1}, 'armor': 0, 'health': 0}"
2025-03-16 17:18:46,0,0,0,5.0,wrackdm17,[],,,,,[],,,"{'weapon': {'weapon_machinegun': 1}, 'armor': 0, 'health': 0}"
2025-03-16 17:18:47,0,0,0,5.0,wrackdm17,[],,,,,[],,,"{'weapon': {'weapon_machinegun': 1}, 'armor': 0, 'health': 0}"
2025-03-16 17:18:48,0,0,0,5.0,wrackdm17,[],,,,,[],,,"{'weapon': {'weapon_machinegun': 1}, 'armor': 0, 'health': 0}"
2025-03-16 17:18:49,0,0,0,5.0,wrackdm17,[],,,,,[],,,"{'weapon': {'weapon_machinegun': 1}, 'armor': 0, 'health': 0}"
2025-03-16 17:18:50,0,0,0,5.0,wrackdm17,[],,,,,[],,,"{'weapon': {'weapon_machinegun': 1}, 'armor': 0, 'health': 0}"
2025-03-16 17:18:51,0,0,0,5.0,wrackdm17,[],,,,,[],,,"{'weapon': {'weapon_machinegun': 1}, 'armor': 0, 'health': 0}"
2025-03-16 17:18:52,0,0,0,5.0,wrackdm17,[],,,,,[],,,"{'weapon': {'weapon_machinegun': 1}, 'armor': 0, 'health': 0}"
2025-03-16 17:18:53,0,0,0,5.0,wrackdm17,[],,,,,[],,,"{'weapon': {'weapon_machinegun': 1}, 'armor': 0, 'health': 0}"
2025-03-16 17:18:54,0,0,0,5.0,wrackdm17,[],,,,,[],,,"{'weapon': {'weapon_machinegun': 1}, 'armor': 0, 'health': 0}"
2025-03-16 17:18:55,0,0,0,5.0,wrackdm17,[],,,,,[],,,"{'weapon': {'weapon_machinegun': 1}, 'armor': 0, 'health': 0}"
2025-03-16 17:18:56,0,0,0,5.0,wrackdm17,[],,,,,[],,,"{'weapon': {'weapon_machinegun': 1}, 'armor': 0, 'health': 0}"
